{"mean":{"confidence_interval":{"confidence_level":0.95,"lower_bound":1692.9659734481063,"upper_bound":1767.8450654297874},"point_estimate":1729.6916694503589,"standard_error":19.08560765602018},"median":{"confidence_interval":{"confidence_level":0.95,"lower_bound":1640.0284698161286,"upper_bound":1733.8504647197933},"point_estimate":1685.7275531642072,"standard_error":20.569714055096448},"median_abs_dev":{"confidence_interval":{"confidence_level":0.95,"lower_bound":129.9507317265656,"upper_bound":218.66475166705905},"point_estimate":180.07254179998625,"standard_error":21.933093713173598},"slope":{"confidence_interval":{"confidence_level":0.95,"lower_bound":1637.8006161118324,"upper_bound":1749.0317002688907},"point_estimate":1691.2552279249921,"standard_error":28.41270987741231},"std_dev":{"confidence_interval":{"confidence_level":0.95,"lower_bound":160.61122070667193,"upper_bound":219.44690025122605},"point_estimate":192.37395757002807,"standard_error":15.052993232495025}}