{"mean":{"confidence_interval":{"confidence_level":0.95,"lower_bound":30122.96776314702,"upper_bound":32774.156778092},"point_estimate":31387.01331336545,"standard_error":679.560974384546},"median":{"confidence_interval":{"confidence_level":0.95,"lower_bound":27920.02857142857,"upper_bound":30284.861538461537},"point_estimate":29094.602402499462,"standard_error":597.2060108700848},"median_abs_dev":{"confidence_interval":{"confidence_level":0.95,"lower_bound":2786.1857707023983,"upper_bound":5704.414016741035},"point_estimate":3812.9597860470076,"standard_error":815.2251777551369},"slope":{"confidence_interval":{"confidence_level":0.95,"lower_bound":31627.093707283904,"upper_bound":35905.111487783186},"point_estimate":33644.79748544407,"standard_error":1091.274149375325},"std_dev":{"confidence_interval":{"confidence_level":0.95,"lower_bound":4923.539559725487,"upper_bound":8583.536192282598},"point_estimate":6844.029614448572,"standard_error":938.5605465132842}}